Дата,Код запису,Кількість,Номенклатура,Підрозділ,Сума,Валюта і форма оплати,Платіжний документ,Акт прийому-передачі,Фото/Відео звіт,Проєкт
05-01-26,385STSS,15,"FPV дрон-перехоплювач, аналоговий, тепловізійний, швидкісний Sting з ініціацією",1030 ОЗРАДн,"1 439 250,00",Гривня,https://drive.google.com/file/d/1ED1qSIGxUMpHLKY8J0EgAV59FK7uuQV2/view?usp=drivesdk,example.com,example.com,Шахедоріз
05-01-26,150SKYSS,30,FPV Зенітний цифровий дрон «Дикий шершень» 10 дюймів,"10 упрЦСО ""А""","1 140 000,00",Гривня,https://drive.google.com/file/d/1zB2AEJJpabJGKEQCqqcFF5UmTBmna0nn/view?usp=drivesdk,example.com,example.com,Небесний
05-01-26,56KRAB,20,FiberKrab 13” 25км,78 ОДШБр,"1 644 000,00",Гривня,https://drive.google.com/file/d/1Mb8lypzzYYKzT9_VGsv1fl8ip8SJyHkD/view?usp=drivesdk,example.com,example.com,Оптоволоконні
05-01-26,73OKO,30,FPV Квадрокоптер ODIN10 SSE,"ЦСП ""ОМЕГА"" НГУ ""ГОСТРІ КАРТУЗИ""","1 183 500,00",Гривня,https://drive.google.com/file/d/1bQiBzcUmbzE3EXRoHpQ-zPDx9WjakwvK/view?usp=drivesdk,example.com,example.com,Небесний
05-01-26,9HRZN,15,"""FPV дрон «Horizon 10’’-О-15 км» (оптика)""","42 ОМБр ""ПЕРУН""","915 000,00",Гривня,https://drive.google.com/file/d/1KEoTD5j6HNE3SRCYsnrZLfkh0iCwvqh2/view?usp=drivesdk,example.com,example.com,Оптоволоконні
05-01-26,315FLY,10,"FPV дрон ""Enterprise 10"" (оптика)",129 ОВМБр,"802 000,00",Гривня,https://drive.google.com/file/d/1aM82FbFjtOG0WQZXiw-q74mDDX4P4sVC/view?usp=drivesdk,awaiting,example.com,Оптоволоконні
05-01-26,1AIRW,20,FPV Коптер Hornet F10,117 ОБрТрО,"560 000,00",Гривня,https://drive.google.com/file/d/18iBn0DBnnJJeQSRRrqsnUF7I4pL4ppOY/view?usp=drivesdk,example.com,example.com,Небесний
05-01-26,55AIRSS,50,FPV Коптер Hornet F10,"14 Бр НГУ ""ЧЕРВОНА КАЛИНА""","1 400 000,00",Гривня,https://drive.google.com/file/d/1ECq4TsD9PT-HHCRWBTO1ibrkl15uvkIf/view?usp=drivesdk,example.com,example.com,Небесний
05-01-26,102HAR,30,FPV дрон Winfly Hunter,10 огшбр,"1 161 000,00",Гривня,https://drive.google.com/file/d/1xQd5IQ2Q1MaZ9AMxwVfHAIoEnTzDqT2E/view?usp=drivesdk,example.com,example.com,Небесний
05-02-26,370STSS,20,"FPV дрон-перехоплювач, аналоговий, тепловізійний, швидкісний Sting з ініціацією",72 ОМБр,"1 919 000,00",Гривня,https://drive.google.com/file/d/1nVwl4zf_GwE6K1-qgNWZKzJjPJAe7vdx/view?usp=drivesdk,awaiting,example.com,Шахедоріз
05-02-26,56AIRSS,50,FPV Коптер Hornet F10,"14 Бр НГУ ""ЧЕРВОНА КАЛИНА""","1 400 000,00",Гривня,https://drive.google.com/file/d/1vgIVrXJvxL0PQSifETj0GQtosbh87tKA/view?usp=drivesdk,example.com,awaiting,Небесний
05-02-26,1ERSS,30,"Дрон квадро 10 дюймів денний КОЛОС 10""",102 обрТрО,"1 119 000,00",Гривня,https://drive.google.com/file/d/1qX1eN74i5zad_fJL8_quI7EweFzCftHo/view?usp=drivesdk,example.com,awaiting,Небесний
05-02-26,103HAR,30,FPV дрон Winfly Hunter,128 ОВМБр,"1 161 000,00",Гривня,https://drive.google.com/file/d/1jbQztrwJaMtumzJZ9ynmxj1YZGBYv3mc/view?usp=drivesdk,example.com,example.com,Небесний
05-02-26,10HRZN,15,"""FPV дрон «Horizon 10’’-О-15 км» (оптика)""","42 ОМБр ""ПЕРУН""","885 000,00",Гривня,https://drive.google.com/file/d/1Z85PU-b70fMWC1gF1UGdJpA2iiNzwyLm/view?usp=drivesdk,awaiting,example.com,Оптоволоконні
05-04-26,374STSS,20,"FPV дрон-перехоплювач, аналоговий, тепловізійний, швидкісний Sting з ініціацією",27 ОП НГУ,"1 862 000,00",Гривня,https://drive.google.com/file/d/1LgNfTJYnmYJeuL7lnU4Lx7xzyaXDZuvO/view?usp=drivesdk,awaiting,example.com,Шахедоріз
05-04-26,92SHOTSS,15,Літак-перехоплювач “Тарас П”,3 ОШБр,"1 650 000,00",Гривня,https://drive.google.com/file/d/1R-uHy9cIdoccmSLxSPRxfZFM20h9fojQ/view?usp=drivesdk,example.com,awaiting,Небесний
05-04-26,625SHU10,100,FPV SHURIKEN 10,78 ОДШБР ББС,"1 700 000,00",Гривня,https://drive.google.com/file/d/1w9TJC9FkylAgZ5S_wE7MvIpsrViUFi4G/view?usp=drivesdk,example.com,example.com,Поточний
05-04-26,54KRAB,20,FiberKrab 13” 25км,ББпС 3 броп НГУ ХАСАН,"1 586 000,00",Гривня,https://drive.google.com/file/d/1CE4GGhXxwXTZdbw7G9ZcwiS2HC5h_kTE/view?usp=drivesdk,example.com,example.com,Оптоволоконні
05-04-26,7HRZN,15,"""FPV дрон «Horizon 10’’-О-20 км» (оптика)""",30 ОМБр мпб ПАВУК,"1 110 000,00",Гривня,https://drive.google.com/file/d/1hPLxPlrVXGTRpmRjcOvDgCNU5Ndw3gHG/view?usp=drivesdk,example.com,example.com,Оптоволоконні
05-04-26,3BHT,15,FPV BESHKЕТ 10X4 FO Dual,"2 упрЦСО ""А""","1 444 170,00",Гривня,https://drive.google.com/file/d/18Mj1QmZZx1hwbb23Uy_tuSg69-NFb0eH/view?usp=drivesdk,example.com,example.com,Оптоволоконні
05-04-26,299FLY,30,"FPV дрон ""Enterprise 10"" (оптика)",РБпАК 2 ШБ 5 ОШБр,"1 275 000,00",Гривня,https://drive.google.com/file/d/127Ziv2E2BpKd1evo5kYsO8ir7DuvpAvK/view?usp=drivesdk,example.com,example.com,Оптоволоконні
05-04-26,304FLY,25,"FPV дрон ""Enterprise 10"" (оптика)",78 ОДШБр,"1 065 000,00",Гривня,https://drive.google.com/file/d/1WdDIbhvJn52TpTjfKNJtisvV-2lyi2vf/view?usp=drivesdk,example.com,example.com,Оптоволоконні
05-04-26,103STR,40,STRIX (ReDrone),81 БПАК 8 ПОЛК Ua Reg Team,"63 000,00",Гривня,https://drive.google.com/file/d/1eABL6tkx5lXEupawzUhGvntRKJ_G0DBG/view?usp=drivesdk,awaiting,example.com,ReDrone
05-04-26,103STR,30,STRIX (ReDrone),81 БПАК 8 ПОЛК Ua Reg Team,"52 500,00",Гривня,https://drive.google.com/file/d/1I5brwomQzLr2_zaNWnzba3Mdp0dwUal6/view?usp=drivesdk,example.com,example.com,ReDrone
05-05-26,392STSS,20,"FPV дрон-перехоплювач, безпілотний літальний апарат ""Sting"" з цифровою денною камерою Hornet Vision з SineLink","4 ПРИКЗ ДПСУ ""ПІКА""","1 320 000,00",Гривня,awaiting,example.com,example.com,Шахедоріз
05-05-26,2AIRW,40,FPV Коптер Hornet F10,"65 ОМБр бБпС ""РОНІНИ""","1 120 000,00",Гривня,https://drive.google.com/file/d/1MeoZEJ_Q1v8B464D6j9FUyVMCdokei9H/view?usp=drivesdk,example.com,example.com,Небесний
05-05-26,211FLY,20,"FPV дрон ""Enterprise 10"" (оптика)",2упр СБУ,"745 000,00",Гривня,https://drive.google.com/file/d/1XOnAZUWp9N8zR3jEm1d-UdjTY5m2p2op/view?usp=drivesdk,awaiting,example.com,Оптоволоконні
05-05-26,8HRZN,15,"""FPV дрон «Horizon 10’’-О-20 км» (оптика)""",30 ОМБр мпб ПАВУК,"1 080 000,00",Гривня,https://drive.google.com/file/d/1XzzQ_J-i2kBDmURBM-nYLRwy5COfMlwU/view?usp=drivesdk,example.com,example.com,Оптоволоконні
05-05-26,11HRZN,15,"""FPV дрон «Horizon 10’’-О-20 км» (оптика)""",36 ОБрМП бБпС,"1 110 000,00",Гривня,https://drive.google.com/file/d/1wAiJci3Cvy7zSbyMoLIeLXpKdNKm6yfj/view?usp=drivesdk,awaiting,example.com,Оптоволоконні
05-05-26,104RED,12,ReDrone,"ББС, 79 ОДШБ","120 000,00",Гривня,https://drive.google.com/file/d/1hthqBnZdMzUSfegRiS9mq7fGGB5Bcjtu/view?usp=drivesdk,example.com,awaiting,ReDrone
05-06-26,319STSS,10,"FPV дрон-перехоплювач, Sting з цифровою тепловізійною камерою Hornet Vision",13 ГУ ДВКР СБУ,"980 000,00",Гривня,https://drive.google.com/file/d/1vvZmfgK2tZF-6Xiv0CCexIYYMimZ77Zk/view?usp=drivesdk,example.com,example.com,Шахедоріз
05-06-26,151SKYSS,20,FPV Зенітний цифровий дрон «Дикий шершень» 10 дюймів,"1 корпус НГУ ""АЗОВ"" зрадн","760 000,00",Гривня,https://drive.google.com/file/d/1kEMW0HspUiWGu2YU_gxOefmjQCrlt1hB/view?usp=drivesdk,example.com,example.com,Небесний
05-06-26,152SKYSS,20,FPV Зенітний цифровий дрон «Дикий шершень» 10 дюймів,79 ПРИКЗ ДПСУ ГОРВ,"760 000,00",Гривня,https://drive.google.com/file/d/12bfGVGQVMUPI9ehOkb0TOJErFbaX48oO/view?usp=drivesdk,example.com,awaiting,Небесний
05-06-26,622SHU10,50,FPV SHURIKEN 10,105 ПРИКЗ ДПСУ 6 прикзас,"1 095 000,00",Гривня,https://drive.google.com/file/d/1Eo7J4tCTkgbCJ3KIFLmVsH3EOhdEQldn/view?usp=drivesdk,awaiting,example.com,Поточний
05-06-26,93SHOTSS,25,Літак-перехоплювач “Тарас П”,"423 ОББпС ""СКІФСЬКІ ГРИФОНИ""","1 827 375,00",Гривня,https://drive.google.com/file/d/11y-Wj-w-mlT5w7JgzrxNjsk8FeZwsEFd/view?usp=drivesdk,example.com,example.com,Небесний
05-07-26,624SHU10,20,FPV SHURIKEN 10,"58 ОМПБр бБпС ""ULTIO""","438 000,00",Гривня,https://drive.google.com/file/d/1VI5DYdZuz2PnGVuArrUj4zo-lVBf06eE/view?usp=drivesdk,example.com,awaiting,Поточний
05-07-26,104HAR,20,FPV дрон Winfly Hunter,79 ПРИКЗ ДПСУ,"774 000,00",Гривня,https://drive.google.com/file/d/1LX0w67Rk3U7bPm3HD50SPYq8-aWuxMvd/view?usp=drivesdk,awaiting,example.com,Небесний
05-07-26,12HRZN,15,"""FPV дрон «Horizon 10’’-О-20 км» (оптика)""",36 ОБрМП бБпС,"1 080 000,00",Гривня,https://drive.google.com/file/d/11GH9V2Ydg9CBWUCuLq-ZS_8f7OWYFbqA/view?usp=drivesdk,awaiting,example.com,Оптоволоконні
05-07-26,305FLY,25,"FPV дрон ""Enterprise 10"" (оптика)",78 ОДШБр,"1 065 000,00",Гривня,https://drive.google.com/file/d/151GBAoFXin9i_r0JoiXvw8UXZwla1-e_/view?usp=drivesdk,awaiting,example.com,Оптоволоконні
05-07-26,306FLY,25,"FPV дрон ""Enterprise 10"" (оптика)",78 ОДШБр,"1 065 000,00",Гривня,https://drive.google.com/file/d/19hIPM1UgzOtaI8TTYEi40FexTJ8z_Sr7/view?usp=drivesdk,example.com,example.com,Оптоволоконні
05-07-26,104RED,18,ReDrone,"ББС, 79 ОДШБ","170 000,00",Гривня,https://drive.google.com/file/d/1lmbs3362gRxxhLpRPaVdKDO7RaQeFSSt/view?usp=drivesdk,example.com,example.com,ReDrone
05-08-26,57KRAB,20,FiberKrab 13” 25км,78 ОДШБр,"1 644 000,00",Гривня,https://drive.google.com/file/d/12ICh2Z_JUfdZst35kkWHuTkAE8U6N9qV/view?usp=drivesdk,example.com,example.com,Оптоволоконні
05-08-26,302FLY,30,"""FPV дрон """"Enterprise 11"""" (оптика)""",БпАК 2 МБ 41 ОМБР,"1 275 000,00",Гривня,https://drive.google.com/file/d/1RYO-vtLCVeRbfdFdloD7i6WsLynoDBrc/view?usp=drivesdk,awaiting,awaiting,Оптоволоконні
05-08-26,1STRLR,20,Strix Air Long Range,"3 ПРИКЗ ДПСУ ""ПОМСТА"" ""ФЕНІКС""","656 000,00",Гривня,https://drive.google.com/file/d/1zDxefOO0KeKFjcK6Q0zm2GSdelOXW1SY/view?usp=drivesdk,example.com,example.com,Поточний
05-08-26,105HAR,30,FPV дрон Winfly Hunter,78 ОДШБр,"1 026 900,00",Гривня,https://drive.google.com/file/d/18baeQZu5ApQpflByAu81irIAkSqaUivW/view?usp=drivesdk,example.com,example.com,Небесний
05-08-26,104RED,6,ReDrone,"ББС, 79 ОДШБ","60 000,00",Гривня,https://drive.google.com/file/d/181I3z71lEpcMmiRhNEFfJsIRNJSSWa0b/view?usp=drivesdk,example.com,example.com,ReDrone
05-09-26,381STSS,20,"FPV дрон-перехоплювач, Sting з цифровою тепловізійною камерою Hornet Vision","4 ПРИКЗ ДПСУ ""ПІКА""","2 020 000,00",Гривня,awaiting,awaiting,awaiting,Шахедоріз
05-09-26,1SOK,1,"Безпілотний авіаційний комплекс ""Сокіл""",104 ОБрТрО рУБпАК,"723 400,00",Гривня,https://drive.google.com/file/d/1dgrJF80voO028ir-AGbPFRiSrz6Q59zK/view?usp=drivesdk,example.com,example.com,Поточний
05-09-26,143GRO10,70,FPV аналоговий коптер Hornet F10,"3 ПРИКЗ ДПСУ ""ПОМСТА"" ""ФЕНІКС""","1 232 000,00",Гривня,https://drive.google.com/file/d/1AAz6-Mkyeq4OvDHyPGSh7fjxm6rkReoJ/view?usp=drivesdk,awaiting,example.com,Поточний
05-09-26,74OKO,30,FPV Квадрокоптер ODIN10 SSE,23 ОБрОГП,"1 183 500,00",Гривня,https://drive.google.com/file/d/1wmQoufziAnIoDKizrfZdyaGDi3I1Y36r/view?usp=drivesdk,example.com,example.com,Небесний
05-09-26,1SHT,2,"БПАк ""Shturm-15""",78 ОДШБР ББС,"434 000,00",Гривня,https://drive.google.com/file/d/1mBVYm4sKHAZBXiNmBau1LEURqbCGahTy/view?usp=drivesdk,example.com,awaiting,Поточний
05-09-26,104RED,33,ReDrone,"ББС, 79 ОДШБ","250 000,00",Гривня,https://drive.google.com/file/d/1zxeRelMlLX0nmld9eB-Fyx5vzz_u15ho/view?usp=drivesdk,example.com,example.com,ReDrone
05-11-26,379STSS,20,"FPV дрон-перехоплювач, аналоговий, тепловізійний, швидкісний Sting з ініціацією",35 ОП НГУ,"1 400 000,00",Гривня,https://drive.google.com/file/d/1Uya5Hbi8_iIi2ch6aEh5_8uT4cotakJb/view?usp=drivesdk,awaiting,example.com,Шахедоріз
05-11-26,378STSS,20,"FPV дрон-перехоплювач, Sting з цифровою тепловізійною камерою Hornet Vision",27 ОП НГУ,"1 862 000,00",Гривня,https://drive.google.com/file/d/1KLZzrURrX6OrIJDmGZWz6XpMXlMg-UzS/view?usp=drivesdk,example.com,example.com,Шахедоріз
05-11-26,628SHU10,20,FPV SHURIKEN 10,78 ОДШБР ББС,"438 000,00",Гривня,https://drive.google.com/file/d/1SVwTChhCQjpvzNcsC1TCSrAGv1wLJFW3/view?usp=drivesdk,example.com,example.com,Поточний
05-11-26,58KRAB,20,FiberKrab 13” 25км,78 ОДШБр,"1 644 000,00",Гривня,https://drive.google.com/file/d/1xR3vZuObjGDgGzod87jgmzSSJj_8kFjm/view?usp=drivesdk,example.com,example.com,Оптоволоконні
05-11-26,307FLY,30,"FPV дрон """"Enterprise 11"""" (оптика)",30 ОМБр мпб ПАВУК,"1 275 000,00",Гривня,https://drive.google.com/file/d/1qnJFafAmo1l0p_7ZwN9h0qkEm8eNH0E_/view?usp=drivesdk,example.com,awaiting,Оптоволоконні
05-11-26,629SHU10,50,FPV SHURIKEN 10,110 ОМБр бБпС,"850 000,00",Гривня,https://drive.google.com/file/d/1yD1OPK4nt5yM6JoSdbjjwp8YMje9f6zh/view?usp=drivesdk,example.com,example.com,Поточний
05-11-26,13HRZN,15,FPV дрон «Horizon 10’’-О-20 км» (оптика),78 ОДШБр,"1 110 000,00",Гривня,https://drive.google.com/file/d/14dFD7zbrYwZ4pup5jvSS76krZ-SZ2bjv/view?usp=drivesdk,example.com,awaiting,Оптоволоконні
05-11-26,75OKO,30,FPV Квадрокоптер ODIN10 SSE,23 ОБрОГП,"1 183 500,00",Гривня,https://drive.google.com/file/d/1t7ScPUGHQXyVEQc9ALY3YRtEnjGW4Z3s/view?usp=drivesdk,example.com,example.com,Небесний
05-11-26,100RED,142,ReDrone,77 ОАеМБр,"154 950,00",Гривня,https://drive.google.com/file/d/1eM02EhSKFlq_WRwCp67L6D3u6GN7ZWZk/view?usp=drivesdk,example.com,example.com,ReDrone
05-12-26,388STSS,10,"FPV дрон-перехоплювач, Sting з цифровою тепловізійною камерою",118 ОБрТрО,"931 000,00",Гривня,https://drive.google.com/file/d/1GojpK9OkeWbJzk7vYFsXzOqREvuIxMyQ/view?usp=drivesdk,awaiting,example.com,Шахедоріз
05-12-26,632SHU10,50,FPV SHURIKEN 10,"93 ОМБр ""ФЕНІКС""","850 000,00",Гривня,https://drive.google.com/file/d/1ZnkPMOK2IAF2ga81q2TZYJE4HcPzqjDO/view?usp=drivesdk,example.com,example.com,Поточний
05-12-26,295FLY,35,"FPV дрон """"Enterprise 11"""" (оптика)","4 БрОП НГУ ""РУБІЖ"" ""СВОБОДА""","1 757 000,00",Гривня,https://drive.google.com/file/d/1u2nGMMsZh0qCC31xiDh5Lwtk4qotEXTE/view?usp=drivesdk,example.com,example.com,Оптоволоконні
05-13-26,59KRAB,20,FiberKrab 13” 25км,"59 ОШБрБпС СБС 108 ошб ""Вовки Да Вінчі""","1 710 000,00",Гривня,https://drive.google.com/file/d/10o7l8EGD_zKTrVvw8hFiCIGf-pXWv3A_/view?usp=drivesdk,awaiting,example.com,Оптоволоконні
05-13-26,633SHU10,50,FPV SHURIKEN 10,"49 ОШБ ""КАРПАТСЬКА СІЧ""","1 095 000,00",Гривня,https://drive.google.com/file/d/1PTcfVr24O43E-M4RzxnP9By8jqyr3Y0k/view?usp=drivesdk,example.com,example.com,Поточний
05-13-26,627SHU10,20,FPV SHURIKEN 10,3 БрОП НГ,"438 000,00",Гривня,https://drive.google.com/file/d/1C5sYcd3UA6qmiALBlForijIcXAnb4TxD/view?usp=drivesdk,example.com,awaiting,Поточний
05-13-26,106HAR,30,FPV дрон Winfly Hunter,"1 корпус НГУ ""АЗОВ"" зрадн","1 161 000,00",Гривня,https://drive.google.com/file/d/1FtlozTksEhrOlZDKNf5W45h1CQwhKb_A/view?usp=drivesdk,example.com,example.com,Небесний
05-13-26,107STR,75,STRIX (ReDrone),42 ОМБр Perun,"61 850,00",Гривня,https://drive.google.com/file/d/1NBD_5jLmshe4R8_ExwQ8YQZmimfibzww/view?usp=drivesdk,example.com,awaiting,ReDrone
05-14-26,380STSS,20,"FPV дрон-перехоплювач, Sting з цифровою тепловізійною камерою Hornet Vision",35 ОП НГУ,"1 862 000,00",Гривня,https://drive.google.com/file/d/1EruGpaoKb17JpFvvzTTPjHETHoIEot3s/view?usp=drivesdk,awaiting,awaiting,Шахедоріз
05-14-26,53CARSS,2,"Дрон квадро 20 дюймів денний, ретранслятора","8 ОП ССО ""UA REG TEAM""","300 000,00",Гривня,https://drive.google.com/file/d/1RQjezprrpq0FHcoS5Y28OPYB-RWPookI/view?usp=drivesdk,example.com,example.com,Поточний
05-14-26,3AIRW,30,FPV Коптер Hornet F10,36 ОБрМП бБпС,"840 000,00",Гривня,https://drive.google.com/file/d/19CifrPdoQLJARdTubKXqOT-ZZESD28gx/view?usp=drivesdk,example.com,awaiting,Небесний
05-14-26,631SHU10,30,FPV SHURIKEN 10,"5 ПРИКЗ ДПСУ ""ПРАЙМ"" 4 прикк 18 прикзас","510 000,00",Гривня,https://drive.google.com/file/d/1eDv1PD7xXCZpMDkds2_L6VBqIjlKMx14/view?usp=drivesdk,example.com,example.com,Поточний
05-14-26,630SHU10,30,FPV SHURIKEN 10,77 ОАЕМБр 1 аемб,"510 000,00",Гривня,https://drive.google.com/file/d/11R9mj6hPzLLPIEqLuS5HehbXbNrr4XyA/view?usp=drivesdk,awaiting,example.com,Поточний
05-14-26,14HRZN,15,FPV дрон «Horizon 10’’-О-20 км» (оптика),78 ОДШБр,"1 080 000,00",Гривня,https://drive.google.com/file/d/1fF_4TG4pqa-gKMp9xa_enSfkN3It2cvc/view?usp=drivesdk,awaiting,example.com,Оптоволоконні
05-14-26,107STR,73,STRIX (ReDrone),42 ОМБр Perun,"124 100,00",Гривня,https://drive.google.com/file/d/1QWNjAiLHBZh_EMAMy_wWPyv50dO9LHFw/view?usp=drivesdk,example.com,example.com,ReDrone
05-15-26,382STSS,24,"FPV дрон-перехоплювач, Sting з цифровою тепловізійною камерою","59 ОШБрБпС СБС ""SIGNUM""","2 302 800,00",Гривня,https://drive.google.com/file/d/1VZv_sqkeA197HadNGasyPZCgDv7o0RyX/view?usp=drivesdk,awaiting,example.com,Шахедоріз
05-15-26,626SHU10,70,FPV SHURIKEN 10,"ЦСО ""А"" ""МУТАНТИ"" Анвол","1 036 000,00",Гривня,https://drive.google.com/file/d/12llQ0qdHB-licuh-bddEqJ-ny_n_CJc1/view?usp=drivesdk,example.com,awaiting,Поточний
05-15-26,309FLY,40,"FPV дрон """"Enterprise 11"""" (оптика)","104 ОБрТрО 2 обТрО ""СЕРАФИМИ""","1 992 000,00",Гривня,https://drive.google.com/file/d/1lVFCQ3HUukVY183-QTeXzJj9LdJ2W6x1/view?usp=drivesdk,example.com,example.com,Оптоволоконні
05-15-26,33RES,20,ReDrone комплектуючі,801 ОЗБ ПДСЗ,"30 000,00",Гривня,https://drive.google.com/file/d/1cm50EszBsLH1xFwT5H-PfZpKrgsuxRNf/view?usp=drivesdk,example.com,example.com,ReDrone
05-16-26,153SKYSS,30,FPV Зенітний цифровий дрон «Дикий шершень» 10 дюймів,"4 ПРИКЗ ДПСУ ""СТРІКС""","1 140 000,00",Гривня,https://drive.google.com/file/d/1D4FvX6REehoTSrvSZ3t4mksSM4JK4wMy/view?usp=drivesdk,example.com,example.com,Небесний
05-16-26,154SKYSS,30,FPV Зенітний цифровий дрон «Дикий шершень» 10 дюймів,38 ЗРП,"1 140 000,00",Гривня,https://drive.google.com/file/d/16XJYRnVTYhUx6gbSAbxAv-_yQJ6qwSFM/view?usp=drivesdk,example.com,example.com,Небесний
05-16-26,76OKO,30,FPV Квадрокоптер ODIN10 SSE,36 ОБрМП бБпС,"1 183 500,00",Гривня,https://drive.google.com/file/d/1XNdm4ntLPcCrG-PITdw115wtVOjnfFnh/view?usp=drivesdk,example.com,example.com,Небесний
05-16-26,108STR,30,STRIX (ReDrone),42 ОМБр Perun,"49 500,00",Гривня,https://drive.google.com/file/d/1fTFJSHO7W_Yzi3thRCZ49xU3YMeBvwl9/view?usp=drivesdk,awaiting,example.com,ReDrone
05-16-26,105RED,110,ReDrone,Інтернаціональний легіон,"155 000,00",Гривня,https://drive.google.com/file/d/17EBgwqRk1q8o54RlOd0YIIs94IgntCo8/view?usp=drivesdk,example.com,example.com,ReDrone
05-18-26,375STSS,20,"FPV дрон-перехоплювач, аналоговий, тепловізійний, швидкісний Sting з ініціацією","ЦСП ""ОМЕГА"" НГУ ""КРИЛА ОМЕГИ""","1 919 000,00",Гривня,https://drive.google.com/file/d/1FigJT4UYZbNPfSvhjUW0hfAn6F0TCPNu/view?usp=drivesdk,awaiting,example.com,Шахедоріз
05-18-26,96SHOTSS,15,Літак-перехоплювач “Тарас П”,3 ОШБр,"1 661 250,00",Гривня,https://drive.google.com/file/d/118T1IX2wdXiRiS-K78dMsJ7nIlNB25EN/view?usp=drivesdk,example.com,example.com,Небесний
05-18-26,1INC,4,БпЛА «****** ********* *******»,"11 Бр НГУ ""ім. Михайла Грушевського""","1 200 000,00",Гривня,https://drive.google.com/file/d/1YSVpVNkAdnaNqNL4JgpapQVf7JOPCLW3/view?usp=drivesdk,awaiting,example.com,Шахедоріз
05-18-26,634SHU10,50,FPV SHURIKEN 10,"3 ПРИКЗ ДПСУ ""ПОМСТА"" ""ФЕНІКС""","1 095 000,00",Гривня,https://drive.google.com/file/d/1B7uarGYCAOsoEF201GqVF-uNWpuf6dkg/view?usp=drivesdk,example.com,awaiting,Поточний
05-18-26,16HRZN,15,"""FPV дрон «Horizon 10’’-О-15 км» (оптика)""",78 ОДШБр,"885 000,00",Гривня,https://drive.google.com/file/d/1hXsk8yy9oruL2M4ex31oRYCrpbj05i35/view?usp=drivesdk,example.com,example.com,Оптоволоконні
05-18-26,15HRZN,15,"""FPV дрон «Horizon 10’’-О-15 км» (оптика)""",78 ОДШБр,"915 000,00",Гривня,https://drive.google.com/file/d/1MwaEksIuejSWiLyZ69MhAGOCcGj11G4d/view?usp=drivesdk,example.com,example.com,Оптоволоконні
05-18-26,18HRZN,18,"""FPV дрон «Horizon 10’’-О-20 км» (оптика)""",ББпС 92 ОШБ,"1 332 000,00",Гривня,https://drive.google.com/file/d/16RoiLRApOMD1OCEVTCVmtcEdEkvxmUx8/view?usp=drivesdk,example.com,example.com,Оптоволоконні
05-18-26,635SHU10,50,FPV SHURIKEN 10,"68 ОЄБр ""ШЕРШНІ ДОВБУША""","1 095 000,00",Гривня,https://drive.google.com/file/d/1ZI_BVSPySDMWu5Gk_1s9URi9qkYrkz3b/view?usp=drivesdk,example.com,example.com,Поточний
05-18-26,636SHU10,50,FPV SHURIKEN 10,"4 ПРИКЗ ДПСУ ""СТРІКС""","1 095 000,00",Гривня,https://drive.google.com/file/d/1lGdZ-d2K79-A_hblKOR5PUXZKecLvlQH/view?usp=drivesdk,example.com,example.com,Поточний
05-18-26,3TORQ,1,"Дрон квадро 20 дюймів денний, носій ретранслятора","58 ОМПБр бБпС ""ULTIO""","135 000,00",Гривня,https://drive.google.com/file/d/19U0UYrBfnnYBliHC9PL5MNmJ47iEyNT_/view?usp=drivesdk,example.com,example.com,Поточний
05-18-26,108STR,25,STRIX (ReDrone),42 ОМБр Perun,"41 250,00",Гривня,https://drive.google.com/file/d/1KXdbIjlDVneTN6QhAXz2WTuOzG6l9Ww7/view?usp=drivesdk,example.com,awaiting,ReDrone
05-19-26,386STSS,20,"FPV дрон-перехоплювач, аналоговий, тепловізійний, швидкісний Sting з ініціацією","117 ОВМБр бБпС ""SAMURAI""","1 550 000,00",Гривня,https://drive.google.com/file/d/1RaTxxm31WKePZxl05QHv_xB_O2jNi1tp/view?usp=drivesdk,example.com,awaiting,Шахедоріз
05-19-26,406STSS,10,"FPV дрон-перехоплювач, аналоговий, тепловізійний, швидкісний Sting з ініціацією","423 ОББпС ""СКІФСЬКІ ГРИФОНИ""","931 000,00",Гривня,https://drive.google.com/file/d/1AclwLoOf8-iRHwfms2Ta4Wr9f5_MPYBc/view?usp=drivesdk,example.com,example.com,Шахедоріз
05-19-26,42HRZN,16,"""FPV дрон «Horizon 10’’-О-15 км» (оптика)""","2 КНГУ ""ХАРТІЯ""","980 000,00",Гривня,https://drive.google.com/file/d/1akY5mdW7p6UcOrSxHqYETASGw66WBr77/view?usp=drivesdk,awaiting,awaiting,Оптоволоконні
05-19-26,637SHU10,20,FPV SHURIKEN 10,"12 бр СпП НГУ ""АЗОВ"" 1 бСП","340 000,00",Гривня,https://drive.google.com/file/d/1Fq20Ns9p7P5A2GDnwvawuAa3V74D7UyL/view?usp=drivesdk,example.com,example.com,Поточний
05-19-26,107HAR,30,FPV дрон Winfly Hunter,"4 ПРИКЗ ДПСУ ""СТРІКС""","1 161 000,00",Гривня,https://drive.google.com/file/d/1ryhRVPvY3o70MuEvWbJ3KUmiFq33QJs6/view?usp=drivesdk,awaiting,awaiting,Небесний
05-19-26,108HAR,30,FPV дрон Winfly Hunter,117 ОВМБр бБпС,"1 161 000,00",Гривня,https://drive.google.com/file/d/1N34nXO4SUlMwFiUNmwgVpFGYpopyURbj/view?usp=drivesdk,example.com,example.com,Небесний
05-19-26,4TORQ,1,"Дрон квадро 20 дюймів денний, носій ретранслятора",3 БрОП НГ,"135 000,00",Гривня,https://drive.google.com/file/d/1ZYdKZCG3aPWIznQYL9KDMJTRB2MKRexE/view?usp=drivesdk,example.com,example.com,Поточний
05-20-26,405STSS,20,"FPV дрон-перехоплювач, аналоговий, тепловізійний, швидкісний Sting з ініціацією","4 ПРИКЗ ДПСУ ""ПІКА""","2 020 000,00",Гривня,awaiting,example.com,awaiting,Шахедоріз
05-20-26,145GRO10,70,FPV аналоговий коптер Hornet F10,"100 ОМБр ""ВОРОН""","1 232 000,00",Гривня,https://drive.google.com/file/d/1enHtLuA3tflavDHOnyO9kS4pmeJ_0zy2/view?usp=drivesdk,awaiting,example.com,Поточний
05-20-26,19HRZN,18,"""FPV дрон «Horizon 10’’-О-15 км» (оптика)""","РБпАК ССБ Алькатрас, 93 ОМБр","1 176 000,00",Гривня,https://drive.google.com/file/d/13E-mrwhO6ZqIXMeGFIxnWWC4h4nyq5bW/view?usp=drivesdk,example.com,awaiting,Оптоволоконні
05-20-26,155SKYSS,25,FPV Зенітний цифровий дрон «Дикий шершень» 10 дюймів,36 ОБрМП,"1 615 000,00",Гривня,https://drive.google.com/file/d/1UTneJ8scXWL6kFFExFCF8msL4mhN7Xcf/view?usp=drivesdk,example.com,example.com,Небесний
05-20-26,399STSS,97,"FPV дрон-перехоплювач, аналоговий, тепловізійний, швидкісний Sting з ініціацією",21 ОБрОГП НГУ,"9 030 700,00",Гривня,https://drive.google.com/file/d/1d761Qkkh60ohS0qnmmh-CvnPAL9uiax1/view?usp=drivesdk,example.com,example.com,Шахедоріз
05-20-26,109STR,70,STRIX (ReDrone),"42 ОМБр Perun, БНР","126 000,00",Гривня,https://drive.google.com/file/d/1tOiYDL34p6eTcol6rZ56at0Mu97x6YeW/view?usp=drivesdk,example.com,awaiting,ReDrone
05-20-26,107RED,15,ReDrone,"2 управління ЦСО ""А"" СБУ","89 300,00",Гривня,https://drive.google.com/file/d/1iEFn0il-3qIm0s95orpA0Xq_u8KQ62UW/view?usp=drivesdk,example.com,example.com,ReDrone
05-21-26,566SHU10,-20,FPV SHURIKEN 10,СБУ кібердепартамент,"-340 000,00",Гривня,https://drive.google.com/file/d/1IfTirrj8oW_Kw_s5BvcUAyty5rpClIqt/view?usp=drivesdk,example.com,example.com,Поточний
05-21-26,638SHU10,20,FPV SHURIKEN 10,"4 БрОП НГУ ""РУБІЖ"" 4 бОП","340 000,00",Гривня,https://drive.google.com/file/d/1IfTirrj8oW_Kw_s5BvcUAyty5rpClIqt/view?usp=drivesdk,example.com,example.com,Поточний
05-25-26,1STRHD,50,Strix Digital,210 ОШП 1 шб рУБпАК,"1 274 500,00",Гривня,https://drive.google.com/file/d/1Jz9Car4fwmJcBe0C50L0zABEK1x6A_Yy/view?usp=drivesdk,example.com,example.com,Поточний
05-25-26,1STRHD,2,Strix Digital носій,210 ОШП 1 шб рУБпАК,"342 660,00",Гривня,https://drive.google.com/file/d/1Jz9Car4fwmJcBe0C50L0zABEK1x6A_Yy/view?usp=drivesdk,example.com,awaiting,Поточний
05-25-26,1STRHD,2,Інфраструктура Strix Digital (наземка + комплектуючі),210 ОШП 1 шб рУБпАК,"305 460,00",Гривня,https://drive.google.com/file/d/1Jz9Car4fwmJcBe0C50L0zABEK1x6A_Yy/view?usp=drivesdk,awaiting,example.com,Поточний
05-25-26,2STRHD,50,Strix Digital,"3 ОШБр ""PNK GROUP""","1 274 500,00",Гривня,https://drive.google.com/file/d/1zpj34pdRbtN5sqPb52jx_JEgbmNdHOCZ/view?usp=drivesdk,example.com,example.com,Поточний
05-25-26,2STRHD,2,Strix Digital носій,"3 ОШБр ""PNK GROUP""","342 660,00",Гривня,https://drive.google.com/file/d/1zpj34pdRbtN5sqPb52jx_JEgbmNdHOCZ/view?usp=drivesdk,example.com,example.com,Поточний
05-25-26,2STRHD,2,Інфраструктура Strix Digital (наземка + комплектуючі),"3 ОШБр ""PNK GROUP""","305 460,00",Гривня,https://drive.google.com/file/d/1zpj34pdRbtN5sqPb52jx_JEgbmNdHOCZ/view?usp=drivesdk,awaiting,example.com,Поточний
05-25-26,3STRHD,50,Strix Digital,"46 ОАЕМБр 3 аемб ""ЗЛЮКИ БОБРИ""","1 274 500,00",Гривня,https://drive.google.com/file/d/12jSJvhsuIBLCnnC99rKvUxpif2uCORCG/view?usp=drivesdk,example.com,example.com,Поточний
05-25-26,3STRHD,2,Strix Digital носій,"46 ОАЕМБр 3 аемб ""ЗЛЮКИ БОБРИ""","342 660,00",Гривня,https://drive.google.com/file/d/12jSJvhsuIBLCnnC99rKvUxpif2uCORCG/view?usp=drivesdk,example.com,example.com,Поточний
05-25-26,3STRHD,2,Інфраструктура Strix Digital (наземка + комплектуючі),"46 ОАЕМБр 3 аемб ""ЗЛЮКИ БОБРИ""","305 460,00",Гривня,https://drive.google.com/file/d/12jSJvhsuIBLCnnC99rKvUxpif2uCORCG/view?usp=drivesdk,example.com,awaiting,Поточний
05-25-26,4STRHD,50,Strix Digital,"1 ОШП ""БАР""","1 274 500,00",Гривня,https://drive.google.com/file/d/1DaU-joDrJg00miwKFDA0NojYi3guBzai/view?usp=drivesdk,example.com,awaiting,Поточний
05-25-26,4STRHD,2,Strix Digital носій,"1 ОШП ""БАР""","342 660,00",Гривня,https://drive.google.com/file/d/1DaU-joDrJg00miwKFDA0NojYi3guBzai/view?usp=drivesdk,example.com,example.com,Поточний
05-25-26,4STRHD,2,Інфраструктура Strix Digital (наземка + комплектуючі),"1 ОШП ""БАР""","305 460,00",Гривня,https://drive.google.com/file/d/1DaU-joDrJg00miwKFDA0NojYi3guBzai/view?usp=drivesdk,example.com,example.com,Поточний
05-25-26,5STRHD,50,Strix Digital,118 ОМБр бБпС,"1 274 500,00",Гривня,https://drive.google.com/file/d/1jM7p-9shSNykfBUsbDrAqMeOK3tt50Np/view?usp=drivesdk,awaiting,example.com,Поточний
05-25-26,5STRHD,2,Strix Digital носій,118 ОМБр бБпС,"342 660,00",Гривня,https://drive.google.com/file/d/1jM7p-9shSNykfBUsbDrAqMeOK3tt50Np/view?usp=drivesdk,example.com,example.com,Поточний
05-25-26,5STRHD,2,Інфраструктура Strix Digital (наземка + комплектуючі),118 ОМБр бБпС,"305 460,00",Гривня,https://drive.google.com/file/d/1jM7p-9shSNykfBUsbDrAqMeOK3tt50Np/view?usp=drivesdk,example.com,awaiting,Поточний
05-25-26,1AHD,50,Rusopad HD,"3 ОП ССО ""TRIARIUM""","1 340 000,00",Гривня,https://drive.google.com/file/d/18aUig6nENT_jYEIdbDYh7Rp_GLJFXpd3/view?usp=drivesdk,example.com,example.com,Поточний
05-25-26,1AHD,2,Rusopad HD носій,"3 ОП ССО ""TRIARIUM""","374 270,00",Гривня,https://drive.google.com/file/d/18aUig6nENT_jYEIdbDYh7Rp_GLJFXpd3/view?usp=drivesdk,awaiting,example.com,Поточний
05-25-26,1AHD,2,Інфраструктура Rusopad(наземка + комплектуючі),"3 ОП ССО ""TRIARIUM""","328 900,00",Гривня,https://drive.google.com/file/d/18aUig6nENT_jYEIdbDYh7Rp_GLJFXpd3/view?usp=drivesdk,example.com,example.com,Поточний
05-25-26,2AHD,50,Rusopad HD,"225 ОШП бБпС 2 рУБпАК ""PENTAGON""","1 340 000,00",Гривня,https://drive.google.com/file/d/1FvzdvU_kZJd53wFF9-VXuA1YIZRY0Zh0/view?usp=drivesdk,example.com,example.com,Поточний
05-25-26,2AHD,2,Rusopad HD носій,"225 ОШП бБпС 2 рУБпАК ""PENTAGON""","374 270,00",Гривня,https://drive.google.com/file/d/1FvzdvU_kZJd53wFF9-VXuA1YIZRY0Zh0/view?usp=drivesdk,awaiting,awaiting,Поточний
05-25-26,2AHD,2,Інфраструктура Rusopad(наземка + комплектуючі),"225 ОШП бБпС 2 рУБпАК ""PENTAGON""","328 900,00",Гривня,https://drive.google.com/file/d/1FvzdvU_kZJd53wFF9-VXuA1YIZRY0Zh0/view?usp=drivesdk,example.com,awaiting,Поточний
05-25-26,3AHD,50,Rusopad HD,28 ОМБр 3 мб,"1 340 000,00",Гривня,https://drive.google.com/file/d/1Gw6MjKXLPw42NL7PYZ99LVPPFTY6gaHu/view?usp=drivesdk,example.com,example.com,Поточний
05-25-26,3AHD,2,Rusopad HD носій,28 ОМБр 3 мб,"374 270,00",Гривня,https://drive.google.com/file/d/1Gw6MjKXLPw42NL7PYZ99LVPPFTY6gaHu/view?usp=drivesdk,awaiting,awaiting,Поточний
05-25-26,3AHD,2,Інфраструктура Rusopad(наземка + комплектуючі),28 ОМБр 3 мб,"328 900,00",Гривня,https://drive.google.com/file/d/1Gw6MjKXLPw42NL7PYZ99LVPPFTY6gaHu/view?usp=drivesdk,awaiting,awaiting,Поточний
05-25-26,4AHD,50,Rusopad HD,"93 ОМБр 3 мб рУБпАК ""РАДІСТЬ""","1 340 000,00",Гривня,https://drive.google.com/file/d/1UwnhhfOdAqXXVG2bJxt1LEZq9Y4sQQnr/view?usp=drivesdk,example.com,example.com,Поточний
05-25-26,4AHD,2,Rusopad HD носій,"93 ОМБр 3 мб рУБпАК ""РАДІСТЬ""","374 270,00",Гривня,https://drive.google.com/file/d/1UwnhhfOdAqXXVG2bJxt1LEZq9Y4sQQnr/view?usp=drivesdk,example.com,awaiting,Поточний
05-25-26,4AHD,2,Інфраструктура Rusopad(наземка + комплектуючі),"93 ОМБр 3 мб рУБпАК ""РАДІСТЬ""","328 900,00",Гривня,https://drive.google.com/file/d/1UwnhhfOdAqXXVG2bJxt1LEZq9Y4sQQnr/view?usp=drivesdk,example.com,example.com,Поточний
05-25-26,5AHD,50,Rusopad HD,"4 БрОП НГУ ""РУБІЖ"" ""СВОБОДА""","1 340 000,00",Гривня,https://drive.google.com/file/d/1g6P9JPSdNZ7EqA-LgVEHOj5BMLGc8Bld/view?usp=drivesdk,example.com,example.com,Поточний
05-25-26,5AHD,2,Rusopad HD носій,"4 БрОП НГУ ""РУБІЖ"" ""СВОБОДА""","374 270,00",Гривня,https://drive.google.com/file/d/1g6P9JPSdNZ7EqA-LgVEHOj5BMLGc8Bld/view?usp=drivesdk,example.com,example.com,Поточний
05-25-26,5AHD,2,Інфраструктура Rusopad(наземка + комплектуючі),"4 БрОП НГУ ""РУБІЖ"" ""СВОБОДА""","328 900,00",Гривня,https://drive.google.com/file/d/1g6P9JPSdNZ7EqA-LgVEHOj5BMLGc8Bld/view?usp=drivesdk,example.com,example.com,Поточний
05-25-26,47GHD,20,FPV цифровий коптер Hornet F10,237 ОББпС,"520 000,00",Гривня,https://drive.google.com/file/d/1-1NPjBOrodyTEYI4nAocEhiNQSWJUJ0w/view?usp=drivesdk,example.com,example.com,Поточний
05-25-26,48GHD,20,FPV цифровий коптер Hornet F10,147 ОАБр рУБпАК,"520 000,00",Гривня,https://drive.google.com/file/d/1kxRTIXjL4kAdfdK-r64KJqkbtbloLHQM/view?usp=drivesdk,awaiting,awaiting,Поточний
05-25-26,49GHD,20,FPV цифровий коптер Hornet F10,10 ЦСП ЗСП,"520 000,00",Гривня,https://drive.google.com/file/d/1r8-0H6s9_vIi7i3TGonojW-CAsk9lFCA/view?usp=drivesdk,awaiting,example.com,Поточний
05-25-26,50GHD,20,FPV цифровий коптер Hornet F10,"36 ОБрМП 501 обмп ""ГРИФОН""","520 000,00",Гривня,https://drive.google.com/file/d/1-Nv7TAsweXJRxQ3fO2wwjPbjpzLvxgjp/view?usp=drivesdk,example.com,example.com,Поточний
05-25-26,51GHD,50,FPV цифровий коптер Hornet F10,78 ОДШБР 3 бат,"1 300 000,00",Гривня,https://drive.google.com/file/d/1fZEKmYW3wRLpJzxv_IGjsNPRemYUu91J/view?usp=drivesdk,example.com,example.com,Поточний
05-25-26,52GHD,20,FPV цифровий коптер Hornet F10,"2 упрЦСО ""А""","520 000,00",Гривня,https://drive.google.com/file/d/1X7CHZpVmADTlwbMBoj3NNLoXpCkszv6q/view?usp=drivesdk,example.com,example.com,Поточний
05-25-26,53GHD,50,FPV цифровий коптер Hornet F10,ОПБр ім. гетьмана Богдана Хмельницького 4 мб,"1 199 000,00",Гривня,https://drive.google.com/file/d/1p1fVHJy7Sexx7ODf0VRhQIctxs3QpFwa/view?usp=drivesdk,awaiting,example.com,Поточний
05-25-26,54GHD,50,FPV цифровий коптер Hornet F10,93 ОМБр рПТРК,"1 199 000,00",Гривня,https://drive.google.com/file/d/1efr8jrgYZRGnVqPn62KRzpDyiuKhE9GU/view?usp=drivesdk,example.com,example.com,Поточний
05-25-26,55GHD,50,FPV цифровий коптер Hornet F10,"49 ОШБ ""КАРПАТСЬКА СІЧ""","1 199 000,00",Гривня,https://drive.google.com/file/d/1oaMkvsxWTb7Ng6T8cLx690ChrgjnJEBA/view?usp=drivesdk,example.com,awaiting,Поточний
05-25-26,57GHD,50,FPV цифровий коптер Hornet F10,"12 бр СпП НГУ ""АЗОВ"" бБпС","1 199 000,00",Гривня,https://drive.google.com/file/d/1Pva2lDcSyw6j_JQfqC9MudV2hqb3mpvM/view?usp=drivesdk,example.com,example.com,Поточний
05-25-26,58GHD,50,FPV цифровий коптер Hornet F10,78 ОДШБр бБпС,"1 199 000,00",Гривня,https://drive.google.com/file/d/1gPiAF_yeacfMEkW9lHlCo9TV6H2kGzSu/view?usp=drivesdk,example.com,example.com,Поточний
05-25-26,59GHD,50,FPV цифровий коптер Hornet F10,128 ОГШБр бБпС,"1 199 000,00",Гривня,https://drive.google.com/file/d/1zVCieK15ssYpkbTtThLsXBX9BwwH23oC/view?usp=drivesdk,example.com,example.com,Поточний
05-25-26,60GHD,50,FPV цифровий коптер Hornet F10,"3 ОП ССО ""ШЕРШНІ""","1 199 000,00",Гривня,https://drive.google.com/file/d/1fFnMH7IkszObiopT9iccR5YzJYurFkaK/view?usp=drivesdk,example.com,example.com,Поточний
05-25-26,61GHD,50,FPV цифровий коптер Hornet F10,"412 ОБрБпС ""NEMESIS""","1 199 000,00",Гривня,https://drive.google.com/file/d/1oECU3fM8qdYSwDX8e0rJP2omSIrFr0DQ/view?usp=drivesdk,example.com,awaiting,Поточний
05-25-26,62GHD,101,FPV цифровий коптер Hornet F10,"ГУР МО ""Angels of Death""","2 421 980,00",Гривня,https://drive.google.com/file/d/1SIoZX06weBGw5VNflQ9m7EZA7sdESPOO/view?usp=drivesdk,example.com,example.com,Поточний
05-25-26,63GHD,101,FPV цифровий коптер Hornet F10,"8 ОП ССО ""UA REG TEAM""","2 421 980,00",Гривня,https://drive.google.com/file/d/1NCtx77BBOeLHfUYg2hlmwXSRnyu-WIl-/view?usp=drivesdk,example.com,example.com,Поточний
05-25-26,64GHD,102,FPV цифровий коптер Hornet F10,10 ЦСП ЗСП,"2 445 960,00",Гривня,https://drive.google.com/file/d/12YxT3Wy84_uF8_aNjVqWgeaFnF9GvtZ8/view?usp=drivesdk,example.com,example.com,Поточний
05-25-26,65GHD,100,FPV цифровий коптер Hornet F10,"100 ОМБр ""ВОРОН""","2 398 000,00",Гривня,https://drive.google.com/file/d/1KDJpooJezd99u3JZud2ASqN__wJXPbm-/view?usp=drivesdk,example.com,awaiting,Поточний
05-25-26,66GHD,100,FPV цифровий коптер Hornet F10,"42 ОМБр ""ПЕРУН""","2 398 000,00",Гривня,https://drive.google.com/file/d/1knEg_GMdqJ8eczwVljSig9ND73PCwZ0u/view?usp=drivesdk,awaiting,example.com,Поточний
05-25-26,67GHD,100,FPV цифровий коптер Hornet F10,30 ОМБр бБпС,"2 600 000,00",Гривня,https://drive.google.com/file/d/1KQcxMlTTcNilX64Sq_GB_TIJfl8mIJQ3/view?usp=drivesdk,example.com,example.com,Поточний
05-25-26,68GHD,100,FPV цифровий коптер Hornet F10,118 ОБрТрО 1 обТрО,"2 600 000,00",Гривня,https://drive.google.com/file/d/1OQfwm4kGhM89_Dx726xQ4aCNKK1GiUPq/view?usp=drivesdk,awaiting,example.com,Поточний
05-25-26,69GHD,33,FPV цифровий коптер Hornet F10,4 ОПР ССО рУБпАК,"791 340,00",Гривня,https://drive.google.com/file/d/1wbKR8_27hFWlR3ELI8DE4JlJOaA7InWx/view?usp=drivesdk,example.com,example.com,Поточний
05-25-26,70GHD,27,FPV цифровий коптер Hornet F10,4 ОПР ССО рУБпАК,"702 000,00",Гривня,https://drive.google.com/file/d/1_wzahtVNabgiCp02UU2XQXmtIHWEhOcP/view?usp=drivesdk,awaiting,example.com,Поточний
05-25-26,71GHD,63,FPV цифровий коптер Hornet F10,"38 ОБрМП бУБпАК ""КОРСАР""","1 510 740,00",Гривня,https://drive.google.com/file/d/1yQB9XbDbX_n2al0MkWTp8nDgZU8P_qC-/view?usp=drivesdk,awaiting,example.com,Поточний
05-25-26,9CARSS,1,"Дрон квадро 20 дюймів денний, ретранслятора","423 ОББпС 3 рота ""СКІФСЬКІ ГРИФОНИ""","130 500,00",Гривня,https://drive.google.com/file/d/1vKA-_5HVWN20R-PTnPm8UnnNt8OQFIon/view?usp=drivesdk,example.com,example.com,Поточний
05-25-26,10CARSS,1,"Дрон квадро 20 дюймів нічний, ретранслятора","ССО ""REQUIEM GROUP""","152 250,00",Гривня,https://drive.google.com/file/d/16W6g8y6-T9Rzxi0YMfXOJfHHusflEVfe/view?usp=drivesdk,example.com,awaiting,Поточний
05-25-26,12CARSS,1,"Дрон квадро 20 дюймів денний, ретранслятора",260 ОБрТрО бБпС,"150 000,00",Гривня,https://drive.google.com/file/d/1KUcg-mFoSjBezrv5HiCyYdtasfac9qzn/view?usp=drivesdk,example.com,example.com,Поточний
05-25-26,16CARSS,1,"Дрон квадро 20 дюймів денний, ретранслятора","104 ОБрТрО 2 обТрО ""СЕРАФИМИ""","148 300,00",Гривня,https://drive.google.com/file/d/1Hu3QYwNgHzDgmT5Ln1-W9kXXq_6HqnX_/view?usp=drivesdk,awaiting,example.com,Поточний
05-25-26,18CARSS,1,"Дрон квадро 20 дюймів денний, ретранслятора",104 ОБрТрО 1 Бат,"150 000,00",Гривня,https://drive.google.com/file/d/1W0185EFIbUmGOocFXi8-ROcHMyG_C_T8/view?usp=drivesdk,awaiting,example.com,Поточний
05-25-26,19CARSS,1,"Дрон квадро 20 дюймів денний, ретранслятора","1 ОШП ""БАР""","150 000,00",Гривня,https://drive.google.com/file/d/1mkXAijx5DEjBNvG4wVIXV5C0pFsONKtr/view?usp=drivesdk,awaiting,example.com,Поточний
05-25-26,20CARSS,1,"Дрон квадро 20 дюймів денний, ретранслятора","104 ОБрТрО 2 обТрО ""СЕРАФИМИ""","150 000,00",Гривня,https://drive.google.com/file/d/1hBSR0gMbLVX0xzDF95U1Y6rurxnXKMCn/view?usp=drivesdk,example.com,example.com,Поточний
05-25-26,21CARSS,1,"Дрон квадро 20 дюймів денний, ретранслятора",118 ОБрТрО 1 обТрО,"150 000,00",Гривня,https://drive.google.com/file/d/1bzP2emDLsR8e6Pw11j_RoXTHOI_VHYG_/view?usp=drivesdk,example.com,example.com,Поточний
05-25-26,25CARSS,1,"Дрон квадро 20 дюймів денний, ретранслятора","49 ОШБ ""КАРПАТСЬКА СІЧ""","150 000,00",Гривня,https://drive.google.com/file/d/1FsE86v2CjeRt85PK6q-CGUBOYpj1LQ5K/view?usp=drivesdk,example.com,example.com,Поточний
05-25-26,27CARSS,1,"Дрон квадро 20 дюймів денний, ретранслятора","104 ОБрТрО 2 обТрО ""СЕРАФИМИ""","150 000,00",Гривня,https://drive.google.com/file/d/194TL0mDkGb7EDHwD_iaCyP-vEDdN0sUf/view?usp=drivesdk,example.com,example.com,Поточний
05-25-26,42CARSS,1,"Дрон квадро 20 дюймів денний, ретранслятора",79 ПРИКЗ ДПСУ ГОРВ,"150 000,00",Гривня,https://drive.google.com/file/d/1d0W4McIbxF6_RCONcHOXFWiOe5bogu3E/view?usp=drivesdk,example.com,awaiting,Поточний
05-25-26,43CARSS,1,"Дрон квадро 20 дюймів денний, ретранслятора",78 ОДШБР 3 бат,"150 000,00",Гривня,https://drive.google.com/file/d/1-7_8EALso3YiZfdxvgLTmJ7nhhHWo44U/view?usp=drivesdk,example.com,example.com,Поточний
05-25-26,44CARSS,1,"Дрон квадро 20 дюймів денний, ретранслятора",61 ОМБр бБпС,"150 000,00",Гривня,https://drive.google.com/file/d/1hNqbqZcX5ivTnQUVbKRPF1R7wjKzutc7/view?usp=drivesdk,example.com,example.com,Поточний
05-25-26,45CARSS,1,"Дрон квадро 20 дюймів денний, ретранслятора","32 ОМБр бБпС ""UMBRELLA""","150 000,00",Гривня,https://drive.google.com/file/d/1dEPE8gywxotTRB3_Klsb9llTRyHB74wF/view?usp=drivesdk,example.com,example.com,Поточний
05-25-26,46CARSS,1,"Дрон квадро 20 дюймів денний, ретранслятора",25 ОПДБр бБпС,"150 000,00",Гривня,https://drive.google.com/file/d/13aGewwt2R-0CEWPbk6nDahJ8mlPWpksn/view?usp=drivesdk,example.com,example.com,Поточний
05-25-26,47CARSS,1,"Дрон квадро 20 дюймів денний, ретранслятора",237 ОББпС,"150 000,00",Гривня,https://drive.google.com/file/d/14vHkhKU5na-5JQeGmR_okUNoyXRjNEzq/view?usp=drivesdk,example.com,example.com,Поточний
05-25-26,48CARSS,1,"Дрон квадро 20 дюймів денний, ретранслятора",147 ОАБр РУБпАК,"150 000,00",Гривня,https://drive.google.com/file/d/15qJ9Ijn93ECm_SRwjA6ssWS5BQ2ryFa4/view?usp=drivesdk,example.com,example.com,Поточний
05-25-26,49CARSS,1,"Дрон квадро 20 дюймів денний, ретранслятора","1 ОБрТрО ""PANAMA""","150 000,00",Гривня,https://drive.google.com/file/d/1gCti1IXNRO81AZOVrxoSW0PnphJZ1Td7/view?usp=drivesdk,example.com,example.com,Поточний
05-25-26,50CARSS,1,"Дрон квадро 20 дюймів денний, ретранслятора",10 ЦСП ЗСП,"150 000,00",Гривня,https://drive.google.com/file/d/1QSXA531zKnSGG-VDtq7KWT1jEDGQ6RE6/view?usp=drivesdk,example.com,example.com,Поточний
05-25-26,51CARSS,1,"Дрон квадро 20 дюймів денний, ретранслятора","36 ОБрМП 501 обмп ""ГРИФОН""","150 000,00",Гривня,https://drive.google.com/file/d/1_jgmZce9U3e1jibu-DRUF8ANxH8sRrsE/view?usp=drivesdk,example.com,example.com,Поточний
05-25-26,52CARSS,1,"Дрон квадро 20 дюймів денний, ретранслятора",105 ПРИКЗ ДПСУ 6 прикзас,"150 000,00",Гривня,https://drive.google.com/file/d/1IUfmHJujznmwpNAmRMzHC8gYgEs_5bZ4/view?usp=drivesdk,example.com,example.com,Поточний
05-25-26,54CARSS,1,"Дрон квадро 20 дюймів денний, ретранслятора + проп.",78 ОДШБР 3 бат,"154 400,00",Гривня,https://drive.google.com/file/d/16cWZQYuFXC__MVTVeTsB7Z7CfRVZbw_K/view?usp=drivesdk,example.com,awaiting,Поточний
05-25-26,55CARSS,1,"Дрон квадро 20 дюймів денний, ретранслятора","100 ОМБр бБпС ""CURSED EMPIRE""","150 000,00",Гривня,https://drive.google.com/file/d/1CRtJLamKq2wfySHgkrfXGOc7eB_dBcDC/view?usp=drivesdk,example.com,example.com,Поточний
05-25-26,56CARSS,2,"Дрон квадро 20 дюймів денний, ретранслятора",ОПБр ім. гетьмана Богдана Хмельницького 4 мб,"300 000,00",Гривня,https://drive.google.com/file/d/1Y4nCK-PAdyVEP6WCC8G9hVGGiMc1rQiM/view?usp=drivesdk,example.com,example.com,Поточний
05-25-26,57CARSS,2,"Дрон квадро 20 дюймів денний, ретранслятора",93 ОМБр рПТРК,"300 000,00",Гривня,https://drive.google.com/file/d/1AXSo9pNP7KlOW7HLlaF5iKoOVEeXvOtp/view?usp=drivesdk,awaiting,example.com,Поточний
05-25-26,58CARSS,2,"Дрон квадро 20 дюймів денний, ретранслятора","49 ОШБ ""КАРПАТСЬКА СІЧ""","300 000,00",Гривня,https://drive.google.com/file/d/1lHDEQRA1dzKQCvvQqnD1Sgoo5iWb0_px/view?usp=drivesdk,example.com,example.com,Поточний
05-25-26,59CARSS,2,"Дрон квадро 20 дюймів денний, ретранслятора","12 бр СпП НГУ ""АЗОВ"" бБпС","300 000,00",Гривня,https://drive.google.com/file/d/1x4KGzfyuN1KUtIw5Q7_3fmLVHbaipeat/view?usp=drivesdk,example.com,awaiting,Поточний
05-25-26,60CARSS,2,"Дрон квадро 20 дюймів денний, ретранслятора",78 ОДШБР ББС,"300 000,00",Гривня,https://drive.google.com/file/d/184TF8tA19iFc_gNagKEpPh102a6f_rL6/view?usp=drivesdk,example.com,example.com,Поточний
05-25-26,61CARSS,2,"Дрон квадро 20 дюймів денний, ретранслятора",128 ОГШБр бБпС,"300 000,00",Гривня,https://drive.google.com/file/d/13m8d9NJguxyhzKy6kJQPxjkSIKJZyAWW/view?usp=drivesdk,example.com,example.com,Поточний
05-25-26,62CARSS,2,"Дрон квадро 20 дюймів денний, ретранслятора","3 ОП ССО ""ШЕРШНІ""","300 000,00",Гривня,https://drive.google.com/file/d/1hk6WcJzT2gDmFPaCVLPvzCIyCMLqIuST/view?usp=drivesdk,example.com,example.com,Поточний
05-25-26,63CARSS,2,"Дрон квадро 20 дюймів денний, ретранслятора","412 ОБрБпС ""NEMESIS""","300 000,00",Гривня,https://drive.google.com/file/d/13a3smUw_nRDa6jFpXr9ttpHjuwgp9Tq0/view?usp=drivesdk,awaiting,example.com,Поточний
05-26-26,376STSS,20,"FPV дрон-перехоплювач, аналоговий, тепловізійний, швидкісний Sting з ініціацією","ЦСП ""ОМЕГА"" НГУ ""КРИЛА ОМЕГИ""","1 919 000,00",Гривня,https://drive.google.com/file/d/1H7esLJABsETna5TFBAfvFiIJgWdx_FSb/view?usp=drivesdk,example.com,awaiting,Шахедоріз
05-26-26,377STSS,20,"FPV дрон-перехоплювач, аналоговий, тепловізійний, швидкісний Sting з ініціацією",10 ОГШБр,"1 919 000,00",Гривня,https://drive.google.com/file/d/1ONwhIL3aWw9JG6zAw61hXDAePd1SMgOm/view?usp=drivesdk,example.com,example.com,Шахедоріз
05-26-26,94SHOTSS,30,Літак-перехоплювач “Тарас П”,78 ОДШБр,"2 530 650,00",Гривня,https://drive.google.com/file/d/1tZhUwloytO_d3VRXLLsILyC4yp2Tu2WG/view?usp=drivesdk,example.com,example.com,Небесний
05-26-26,144GRO10,50,FPV аналоговий коптер Hornet F10,"8 ОП ССО ""UA REG TEAM""","1 055 000,00",Гривня,https://drive.google.com/file/d/1vWBCpWwWLlSnREXhzzanuvkdBhGJVsCM/view?usp=drivesdk,example.com,example.com,Поточний
05-26-26,146GRO10,50,FPV аналоговий коптер Hornet F10,"5 ПРИКЗ ДПСУ ""ПРАЙМ"" приккшр 1 ВПС рУБпАК","880 000,00",Гривня,https://drive.google.com/file/d/1ZnX6nMlnMBjlNU-3QM3TwvJAUcIIYZ2q/view?usp=drivesdk,example.com,example.com,Поточний
05-26-26,156SKYSS,30,FPV Зенітний цифровий дрон «Дикий шершень» 10 дюймів,117 ОВМБр бБпС,"1 140 000,00",Гривня,https://drive.google.com/file/d/1nVlT1wS1_mPuVL9KlVliDRIiZeVOIeHP/view?usp=drivesdk,example.com,example.com,Небесний
05-26-26,157SKYSS,30,FPV Зенітний цифровий дрон «Дикий шершень» 10 дюймів,"4 БрОП НГУ ""РУБІЖ""","1 140 000,00",Гривня,https://drive.google.com/file/d/1T576D_Pf0REd2XT12ZLQuKmzuT-plBwI/view?usp=drivesdk,awaiting,example.com,Небесний
05-26-26,640SHU10,100,FPV SHURIKEN 10,78 ОДШБр бБпС,"1 700 000,00",Гривня,https://drive.google.com/file/d/1AxxEoRlEOdSE1v6PQXm7tDGQvvwtc0lk/view?usp=drivesdk,example.com,awaiting,Поточний
05-26-26,641SHU10,50,FPV SHURIKEN 10,225 ОШП пб,"850 000,00",Гривня,https://drive.google.com/file/d/141KvJt2EXlWCEZyBDIa6BVJ8fFlQ2aSJ/view?usp=drivesdk,example.com,example.com,Поточний
05-26-26,21HRZN,18,"""FPV дрон «Horizon 10’’-О-15 км» (оптика)""",93 омбр 1 мб вПТРК,"1 062 000,00",Гривня,https://drive.google.com/file/d/1Ys781BR0OK6DT1-b_VUcQIJSpZnGVNDJ/view?usp=drivesdk,awaiting,example.com,Оптоволоконні
05-26-26,22HRZN,12,"""FPV дрон «Horizon 10’’-О-20 км» (оптика)""",93 омбр 1 мб вПТРК,"900 000,00",Гривня,https://drive.google.com/file/d/190wW8D6F64d5-plUgSlWGYSgOwbWU3FY/view?usp=drivesdk,awaiting,awaiting,Оптоволоконні
05-26-26,23HRZN,18,"""FPV дрон «Horizon 10’’-О-15 км» (оптика)""",93 ОМБр рПТРК,"1 062 000,00",Гривня,https://drive.google.com/file/d/12YeMCfSSmBmgXkuTf9hHTatn6a3jUDfA/view?usp=drivesdk,example.com,example.com,Оптоволоконні
05-26-26,317FLY,10,"FPV дрон ""Enterprise 10"" (оптика)",ББпС 68 ОЄБР,"918 000,00",Гривня,https://drive.google.com/file/d/15wB3iQz-01zCdfhYHafddXAj6qN-QP34/view?usp=drivesdk,example.com,awaiting,Оптоволоконні
05-26-26,2INC,4,БпЛА «****** **** ********»,"11 Бр НГУ ""ім. Михайла Грушевського""","1 200 000,00",Гривня,https://drive.google.com/file/d/1gc7pTCzZppvV6aiq5PLrNgFokqi_Wh5n/view?usp=drivesdk,awaiting,awaiting,Шахедоріз
05-26-26,109STR,70,STRIX (ReDrone),42 ОМБр Perun,"105 000,00",Гривня,https://drive.google.com/file/d/1SmJqP7KHhYUuxMeNl5s7L_ADgtiVvJoc/view?usp=drivesdk,example.com,awaiting,ReDrone
05-26-26,106RED,52,ReDrone,"2МБ, 3ОШБ","468 000,00",Гривня,https://drive.google.com/file/d/1XVGAjRm4BwmrNMO-f3b0E-bBDOUE24wO/view?usp=drivesdk,example.com,example.com,ReDrone
05-27-26,383STSS,25,"FPV дрон-перехоплювач, аналоговий, тепловізійний, швидкісний Sting з ініціацією","11 Бр НГУ ""ім. Михайла Грушевського""","2 398 750,00",Гривня,https://drive.google.com/file/d/1R7Nbn3FmZQOmjXe1-vmphuvSJK-YA4C6/view?usp=drivesdk,example.com,example.com,Шахедоріз
05-27-26,27DYK10,50,"FPV-дрон аналоговий ""Дикий шершень 10"" з ініціацією","ЦСО ""А"" Рівне","1 187 500,00",Гривня,https://drive.google.com/file/d/1IeSaHvysTF37Q3jlN-ddZEc0eb-uRxXn/view?usp=drivesdk,awaiting,example.com,Поточний
05-27-26,642SHU10,50,FPV SHURIKEN 10,95 ОДШБр бБпС,"850 000,00",Гривня,https://drive.google.com/file/d/1h0QKOqBA7Fcs1AdYQLnibbJ42rqKnCet/view?usp=drivesdk,awaiting,example.com,Поточний
05-27-26,26HRZN,18,"""FPV дрон «Horizon 10’’-О-20 км» (оптика)""","42 ОМБр ""ПЕРУН""","1 332 000,00",Гривня,https://drive.google.com/file/d/1VyEkrygEuHalk3ZdB4aT79MtpktWBS3z/view?usp=drivesdk,example.com,awaiting,Оптоволоконні
05-27-26,108RED,46,ReDrone,6 ОЦ СПО,"241 250,00",Гривня,https://drive.google.com/file/d/1U08uAGJCJBYAjir_RiX0g9Y-sOKgNflY/view?usp=drivesdk,awaiting,example.com,ReDrone
05-28-26,407STSS,30,"FPV дрон-перехоплювач, аналоговий, тепловізійний, швидкісний Sting з ініціацією","1021 ЗАП ""ФОКС""","1 530 000,00",Гривня,https://drive.google.com/file/d/1s7IJHxjkuNXA3mreq_MgflNbkDQ5IukN/view?usp=drivesdk,example.com,example.com,Шахедоріз
05-28-26,646SHU10,50,FPV SHURIKEN 10,23 ОМБр мпб,"850 000,00",Гривня,https://drive.google.com/file/d/1ggHbsyxpT63dFoMbD6QFZsHELa9GllaG/view?usp=drivesdk,example.com,example.com,Поточний
05-28-26,17HRZN,12,"""FPV дрон «Horizon 10’’-О-20 км» (оптика)""",4 впс РУБпАК приккшр РУБпАК 5 ПРИКЗ,"900 000,00",Гривня,https://drive.google.com/file/d/1rkhl4BGOn-eVmffapj4MUzjInLkYWyTC/view?usp=drivesdk,example.com,example.com,Оптоволоконні
05-28-26,108RED,59,ReDrone,6 ОЦ СПО,"310 000,00",Гривня,https://drive.google.com/file/d/1_dZG1Q996SRFv0gOEQWyKC2HOlUxRfwK/view?usp=drivesdk,awaiting,example.com,ReDrone
05-29-26,393STSS,20,"FPV дрон-перехоплювач, аналоговий, тепловізійний, швидкісний Sting з ініціацією",ГУР МО,"1 862 000,00",Гривня,https://drive.google.com/file/d/1O6_tZPHDMArKA1OUMr91xLkJUu5Q-hqH/view?usp=drivesdk,example.com,example.com,Шахедоріз
05-29-26,648SHU10,70,FPV SHURIKEN 10,"104 ОБрТрО 2 обТрО ""СЕРАФИМИ""","1 190 000,00",Гривня,https://drive.google.com/file/d/1WecgumfEGG0HY6dBQdVsc-rJxAn-NFpq/view?usp=drivesdk,awaiting,example.com,Поточний
05-29-26,24HRZN,12,"""FPV дрон «Horizon 10’’-О-20 км» (оптика)""",93 ОМБр рПТРК,"900 000,00",Гривня,https://drive.google.com/file/d/19ms6Sw0DGEyTQL-aefWptKIaPRutbFoE/view?usp=drivesdk,awaiting,awaiting,Оптоволоконні
05-29-26,607SHU10,20,FPV SHURIKEN 10,13 ГУ ДВКР СБУ,"420 000,00",Гривня,https://drive.google.com/file/d/1uvNFOxXTdWaOSOqNhDKmrhmhjiPJyvmw/view?usp=drivesdk,awaiting,awaiting,Поточний
05-29-26,110STR,55,STRIX (ReDrone),42 ОМБр Perun,"99 000,00",Гривня,https://drive.google.com/file/d/182zpoKJog5RbuAA50_O3zWm0qgyswWXl/view?usp=drivesdk,awaiting,example.com,ReDrone
05-29-26,32RES,6,ReDrone комплектуючі,38 ОБрМП,"45 000,00",Гривня,https://drive.google.com/file/d/1mnrLnWWQGRRWiTT757jSnJCAzql-o4R0/view?usp=drivesdk,awaiting,example.com,ReDrone
05-30-26,350STSS,20,"FPV дрон-перехоплювач, аналоговий, тепловізійний, швидкісний Sting з ініціацією",13 ГУ ДВКР СБУ,"1 862 000,00",Гривня,https://drive.google.com/file/d/1R5esBjXyrUEoe3yCcd_N7y-3m4fGXo8p/view?usp=drivesdk,example.com,awaiting,Шахедоріз
05-30-26,639SHU10,20,FPV SHURIKEN 10,"40 ОБрМП бБпС ""ОРІОН""","438 000,00",Гривня,https://drive.google.com/file/d/1PWiZnD5WmssZUe8u8tPC3IwqXLV2bVlb/view?usp=drivesdk,example.com,example.com,Поточний
05-30-26,643SHU10,20,FPV SHURIKEN 10,"28 ОМБр 2 мб ""LIBERTAS""","340 000,00",Гривня,https://drive.google.com/file/d/1eklp5c1W5oCzroUuL5HtMMhAYDdFd_1F/view?usp=drivesdk,awaiting,example.com,Поточний
05-30-26,28HRZN,18,"""FPV дрон «Horizon 10’’-О-20 км» (оптика)""",210 ошп 1 шб рУБпАК,"1 296 000,00",Гривня,https://drive.google.com/file/d/18ZZqpVXzkwMdFeZpFFFVmmMPPoE5IVII/view?usp=drivesdk,example.com,example.com,Оптоволоконні
05-30-26,32RES,15,ReDrone комплектуючі,38 ОБрМП,"110 000,00",Гривня,https://drive.google.com/file/d/1aHK2VC-zg5-Ba9KI_yK4Sf0XsPAdUs67/view?usp=drivesdk,example.com,example.com,ReDrone
